<?xml version="1.0" encoding="UTF-8"?>
<project-private xmlns="http://www.netbeans.org/ns/project-private/1">
    <editor-bookmarks xmlns="http://www.netbeans.org/ns/editor-bookmarks/2" lastBookmarkId="0"/>
    <open-files xmlns="http://www.netbeans.org/ns/projectui-open-files/2">
        <group>
            <file>file:/E:/University/7%20semestras/Kompiuterinė%20grafika/04/ThreeJSApplication/public_html/index.html</file>
            <file>file:/E:/University/7%20semestras/Kompiuterinė%20grafika/04/ThreeJSApplication/public_html/js/threePatched.js</file>
            <file>file:/E:/University/7%20semestras/Kompiuterinė%20grafika/04/ThreeJSApplication/public_html/js/TeapotBufferGeometry.js</file>
            <file>file:/E:/University/7%20semestras/Kompiuterinė%20grafika/04/ThreeJSApplication/public_html/TeapotTexture.html</file>
            <file>file:/E:/University/7%20semestras/Kompiuterinė%20grafika/04/ThreeJSApplication/public_html/js/teapot.js</file>
        </group>
    </open-files>
</project-private>
