<?xml version="1.0" encoding="UTF-8"?>
<project-private xmlns="http://www.netbeans.org/ns/project-private/1">
    <editor-bookmarks xmlns="http://www.netbeans.org/ns/editor-bookmarks/2" lastBookmarkId="0"/>
    <open-files xmlns="http://www.netbeans.org/ns/projectui-open-files/2">
        <group>
            <file>file:/C:/MyWorkspace/lab3/ThreeJSApp1/public_html/my.js</file>
            <file>file:/C:/MyWorkspace/lab3/ThreeJSApp1/public_html/rollAPI.js</file>
            <file>file:/C:/MyWorkspace/lab3/ThreeJSApp1/public_html/three.js</file>
            <file>file:/C:/MyWorkspace/lab3/ThreeJSApp1/public_html/explode.js</file>
            <file>file:/C:/MyWorkspace/lab3/ThreeJSApp1/public_html/OrbitControls.js</file>
            <file>file:/C:/MyWorkspace/lab3/ThreeJSApp1/public_html/rock.js</file>
            <file>file:/C:/MyWorkspace/lab3/ThreeJSApp1/public_html/ConvexGeometry.js</file>
            <file>file:/C:/MyWorkspace/lab3/ThreeJSApp1/public_html/images/arrow.jpg</file>
            <file>file:/C:/MyWorkspace/lab3/ThreeJSApp1/public_html/images/checkerboard_big.jpg</file>
            <file>file:/C:/MyWorkspace/lab3/ThreeJSApp1/public_html/QuickHull.js</file>
            <file>file:/C:/MyWorkspace/lab3/ThreeJSApp1/public_html/images/checkerboard.jpg</file>
            <file>file:/C:/MyWorkspace/lab3/ThreeJSApp1/public_html/rock.html</file>
            <file>file:/C:/MyWorkspace/lab3/ThreeJSApp1/public_html/index.html</file>
            <file>file:/C:/MyWorkspace/lab3/ThreeJSApp1/public_html/scaledBox.js</file>
        </group>
    </open-files>
</project-private>
